<?xml version="1.0" encoding="UTF-8"?>
<!DOCTYPE mapper PUBLIC "-//mybatis.org//DTD Mapper 3.0//EN" "http://mybatis.org/dtd/mybatis-3-mapper.dtd">
<mapper namespace="com.rabbiter.fm.dao.AddressDao">
  <resultMap id="BaseResultMap" type="com.rabbiter.fm.model.AddressModel">
    <id column="id" jdbcType="BIGINT" property="id" />
    <result column="consignee_name" jdbcType="VARCHAR" property="consigneeName" />
    <result column="consignee_phone" jdbcType="VARCHAR" property="consigneePhone" />
    <result column="province_name" jdbcType="VARCHAR" property="provinceName" />
    <result column="city_name" jdbcType="VARCHAR" property="cityName" />
    <result column="region_name" jdbcType="VARCHAR" property="regionName" />
    <result column="detail_address" jdbcType="VARCHAR" property="detailAddress" />
    <result column="default_flag" jdbcType="TINYINT" property="defaultFlag" />
    <result column="user_id" jdbcType="BIGINT" property="userId" />
  </resultMap>
  <sql id="Base_Column_List">
    id, consignee_name, consignee_phone, province_name, city_name, region_name, detail_address, 
    default_flag, user_id
  </sql>
  <select id="selectByPrimaryKey" parameterType="java.lang.Long" resultMap="BaseResultMap">
    select 
    <include refid="Base_Column_List" />
    from sh_address
    where id = #{id,jdbcType=BIGINT}
  </select>
  <select id="getAddressByUser" parameterType="java.lang.Long" resultMap="BaseResultMap">
    select
    <include refid="Base_Column_List" />
    from sh_address
    where user_id = #{userId,jdbcType=BIGINT}
  </select>
  <select id="getDefaultAddress" parameterType="java.lang.Long" resultMap="BaseResultMap">
    select id
    from sh_address
    where user_id = #{userId,jdbcType=BIGINT} and default_flag = 1
  </select>
  <delete id="deleteByPrimaryKeyAndUser" parameterType="java.lang.Long">
    delete from sh_address
    where id = #{id,jdbcType=BIGINT} and user_id = #{userId,jdbcType=BIGINT}
  </delete>
  <insert id="insert" keyColumn="id" keyProperty="id" parameterType="com.rabbiter.fm.model.AddressModel" useGeneratedKeys="true">
    insert into sh_address (consignee_name, consignee_phone, province_name, 
      city_name, region_name, detail_address, 
      default_flag, user_id)
    values (#{consigneeName,jdbcType=VARCHAR}, #{consigneePhone,jdbcType=VARCHAR}, #{provinceName,jdbcType=VARCHAR}, 
      #{cityName,jdbcType=VARCHAR}, #{regionName,jdbcType=VARCHAR}, #{detailAddress,jdbcType=VARCHAR}, 
      #{defaultFlag,jdbcType=TINYINT}, #{userId,jdbcType=BIGINT})
  </insert>
  <insert id="insertSelective" keyColumn="id" keyProperty="id" parameterType="com.rabbiter.fm.model.AddressModel" useGeneratedKeys="true">
    insert into sh_address
    <trim prefix="(" suffix=")" suffixOverrides=",">
      <if test="consigneeName != null">
        consignee_name,
      </if>
      <if test="consigneePhone != null">
        consignee_phone,
      </if>
      <if test="provinceName != null">
        province_name,
      </if>
      <if test="cityName != null">
        city_name,
      </if>
      <if test="regionName != null">
        region_name,
      </if>
      <if test="detailAddress != null">
        detail_address,
      </if>
      <if test="defaultFlag != null">
        default_flag,
      </if>
      <if test="userId != null">
        user_id,
      </if>
    </trim>
    <trim prefix="values (" suffix=")" suffixOverrides=",">
      <if test="consigneeName != null">
        #{consigneeName,jdbcType=VARCHAR},
      </if>
      <if test="consigneePhone != null">
        #{consigneePhone,jdbcType=VARCHAR},
      </if>
      <if test="provinceName != null">
        #{provinceName,jdbcType=VARCHAR},
      </if>
      <if test="cityName != null">
        #{cityName,jdbcType=VARCHAR},
      </if>
      <if test="regionName != null">
        #{regionName,jdbcType=VARCHAR},
      </if>
      <if test="detailAddress != null">
        #{detailAddress,jdbcType=VARCHAR},
      </if>
      <if test="defaultFlag != null">
        #{defaultFlag,jdbcType=TINYINT},
      </if>
      <if test="userId != null">
        #{userId,jdbcType=BIGINT},
      </if>
    </trim>
  </insert>
  <update id="updateByPrimaryKeySelective" parameterType="com.rabbiter.fm.model.AddressModel">
    update sh_address
    <set>
      <if test="consigneeName != null">
        consignee_name = #{consigneeName,jdbcType=VARCHAR},
      </if>
      <if test="consigneePhone != null">
        consignee_phone = #{consigneePhone,jdbcType=VARCHAR},
      </if>
      <if test="provinceName != null">
        province_name = #{provinceName,jdbcType=VARCHAR},
      </if>
      <if test="cityName != null">
        city_name = #{cityName,jdbcType=VARCHAR},
      </if>
      <if test="regionName != null">
        region_name = #{regionName,jdbcType=VARCHAR},
      </if>
      <if test="detailAddress != null">
        detail_address = #{detailAddress,jdbcType=VARCHAR},
      </if>
      <if test="defaultFlag != null">
        default_flag = #{defaultFlag,jdbcType=TINYINT},
      </if>
      <if test="userId != null">
        user_id = #{userId,jdbcType=BIGINT},
      </if>
    </set>
    where id = #{id,jdbcType=BIGINT}
  </update>
  <update id="updateByUserIdSelective" parameterType="com.rabbiter.fm.model.AddressModel">
    update sh_address
    <set>
      <if test="consigneeName != null">
        consignee_name = #{consigneeName,jdbcType=VARCHAR},
      </if>
      <if test="consigneePhone != null">
        consignee_phone = #{consigneePhone,jdbcType=VARCHAR},
      </if>
      <if test="provinceName != null">
        province_name = #{provinceName,jdbcType=VARCHAR},
      </if>
      <if test="cityName != null">
        city_name = #{cityName,jdbcType=VARCHAR},
      </if>
      <if test="regionName != null">
        region_name = #{regionName,jdbcType=VARCHAR},
      </if>
      <if test="detailAddress != null">
        detail_address = #{detailAddress,jdbcType=VARCHAR},
      </if>
      <if test="defaultFlag != null">
        default_flag = #{defaultFlag,jdbcType=TINYINT},
      </if>
    </set>
    where user_id = #{userId,jdbcType=BIGINT}
  </update>
  <update id="updateByPrimaryKey" parameterType="com.rabbiter.fm.model.AddressModel">
    update sh_address
    set consignee_name = #{consigneeName,jdbcType=VARCHAR},
      consignee_phone = #{consigneePhone,jdbcType=VARCHAR},
      province_name = #{provinceName,jdbcType=VARCHAR},
      city_name = #{cityName,jdbcType=VARCHAR},
      region_name = #{regionName,jdbcType=VARCHAR},
      detail_address = #{detailAddress,jdbcType=VARCHAR},
      default_flag = #{defaultFlag,jdbcType=TINYINT},
      user_id = #{userId,jdbcType=BIGINT}
    where id = #{id,jdbcType=BIGINT}
  </update>
</mapper>